{
  "0": {
    "categoryID": 0, 
    "categoryName": "#星系", 
    "categoryNameID": 63539, 
    "published": false
  }, 
  "1": {
    "categoryID": 1, 
    "categoryName": "拥有者", 
    "categoryNameID": 63540, 
    "published": false
  }, 
  "10": {
    "categoryID": 10, 
    "categoryName": "贸易", 
    "categoryNameID": 63548, 
    "published": false
  }, 
  "11": {
    "categoryID": 11, 
    "categoryName": "空间实体", 
    "categoryNameID": 63549, 
    "published": false
  }, 
  "14": {
    "categoryID": 14, 
    "categoryName": "加成", 
    "categoryNameID": 63550, 
    "iconID": 0, 
    "published": false
  }, 
  "16": {
    "categoryID": 16, 
    "categoryName": "技能", 
    "categoryNameID": 63551, 
    "iconID": 33, 
    "published": true
  }, 
  "17": {
    "categoryID": 17, 
    "categoryName": "常用物品", 
    "categoryNameID": 63552, 
    "iconID": 0, 
    "published": true
  }, 
  "18": {
    "categoryID": 18, 
    "categoryName": "无人机", 
    "categoryNameID": 63553, 
    "iconID": 0, 
    "published": true, 
    "sofBuildClass": "ship"
  }, 
  "2": {
    "categoryID": 2, 
    "categoryName": "天体", 
    "categoryNameID": 63541, 
    "published": true
  }, 
  "20": {
    "categoryID": 20, 
    "categoryName": "植入体", 
    "categoryNameID": 63554, 
    "iconID": 0, 
    "published": true
  }, 
  "22": {
    "categoryID": 22, 
    "categoryName": "可部署物品", 
    "categoryNameID": 63555, 
    "iconID": 0, 
    "published": true
  }, 
  "23": {
    "categoryID": 23, 
    "categoryName": "母星", 
    "categoryNameID": 63556, 
    "iconID": 0, 
    "published": true
  }, 
  "24": {
    "categoryID": 24, 
    "categoryName": "化学反应", 
    "categoryNameID": 63557, 
    "iconID": 0, 
    "published": true
  }, 
  "25": {
    "categoryID": 25, 
    "categoryName": "小行星", 
    "categoryNameID": 63558, 
    "published": true
  }, 
  "26": {
    "categoryID": 26, 
    "categoryName": "内部空间", 
    "categoryNameID": 63568, 
    "published": false
  }, 
  "29": {
    "categoryID": 29, 
    "categoryName": "抽象", 
    "categoryNameID": 63559, 
    "published": false
  }, 
  "3": {
    "categoryID": 3, 
    "categoryName": "空间站", 
    "categoryNameID": 63542, 
    "published": false
  }, 
  "30": {
    "categoryID": 30, 
    "categoryName": "服饰", 
    "categoryNameID": 63572, 
    "published": true
  }, 
  "32": {
    "categoryID": 32, 
    "categoryName": "子系统", 
    "categoryNameID": 63562, 
    "published": true
  }, 
  "34": {
    "categoryID": 34, 
    "categoryName": "古文物", 
    "categoryNameID": 63561, 
    "published": true
  }, 
  "35": {
    "categoryID": 35, 
    "categoryName": "解码器", 
    "categoryNameID": 63563, 
    "published": true
  }, 
  "350001": {
    "categoryID": 350001, 
    "categoryName": "Infantry", 
    "categoryNameID": 267649, 
    "published": false
  }, 
  "39": {
    "categoryID": 39, 
    "categoryName": "基础设施升级件", 
    "categoryNameID": 63565, 
    "published": true
  }, 
  "4": {
    "categoryID": 4, 
    "categoryName": "材料", 
    "categoryNameID": 63543, 
    "iconID": 22, 
    "published": true
  }, 
  "40": {
    "categoryID": 40, 
    "categoryName": "主权设施", 
    "categoryNameID": 63564, 
    "published": true
  }, 
  "41": {
    "categoryID": 41, 
    "categoryName": "行星互动", 
    "categoryNameID": 63569, 
    "published": true
  }, 
  "42": {
    "categoryID": 42, 
    "categoryName": "行星资源", 
    "categoryNameID": 63566, 
    "published": true
  }, 
  "43": {
    "categoryID": 43, 
    "categoryName": "行星商品", 
    "categoryNameID": 63567, 
    "published": true
  }, 
  "46": {
    "categoryID": 46, 
    "categoryName": "轨道类", 
    "categoryNameID": 63570, 
    "published": true
  }, 
  "49": {
    "categoryID": 49, 
    "categoryName": "可放置物品", 
    "categoryNameID": 63571, 
    "published": false
  }, 
  "5": {
    "categoryID": 5, 
    "categoryName": "附件", 
    "categoryNameID": 63560, 
    "iconID": 33, 
    "published": true
  }, 
  "53": {
    "categoryID": 53, 
    "categoryName": "效果", 
    "categoryNameID": 63573, 
    "published": false
  }, 
  "54": {
    "categoryID": 54, 
    "categoryName": "灯光", 
    "categoryNameID": 63574, 
    "published": false
  }, 
  "59": {
    "categoryID": 59, 
    "categoryName": "单元", 
    "categoryNameID": 235965, 
    "published": false
  }, 
  "6": {
    "categoryID": 6, 
    "categoryName": "舰船", 
    "categoryNameID": 63544, 
    "published": true
  }, 
  "63": {
    "categoryID": 63, 
    "categoryName": "特别版用品", 
    "categoryNameID": 285070, 
    "published": true
  }, 
  "65": {
    "categoryID": 65, 
    "categoryName": "建筑", 
    "categoryNameID": 308338, 
    "published": true
  }, 
  "66": {
    "categoryID": 66, 
    "categoryName": "建筑装备", 
    "categoryNameID": 308340, 
    "published": true
  }, 
  "7": {
    "categoryID": 7, 
    "categoryName": "装备", 
    "categoryNameID": 63545, 
    "iconID": 67, 
    "published": true
  }, 
  "8": {
    "categoryID": 8, 
    "categoryName": "弹药", 
    "categoryNameID": 63546, 
    "published": true
  }, 
  "87": {
    "categoryID": 87, 
    "categoryName": "铁骑舰载机", 
    "categoryNameID": 510368, 
    "published": true
  }, 
  "9": {
    "categoryID": 9, 
    "categoryName": "蓝图", 
    "categoryNameID": 63547, 
    "iconID": 21, 
    "published": true
  }, 
  "91": {
    "categoryID": 91, 
    "categoryName": "涂装", 
    "categoryNameID": 531338, 
    "published": true
  }
}