{
  "1": {
    "activityID": 1, 
    "activityName": "Manufacturing", 
    "description": "Manufacturing of things"
  }, 
  "3": {
    "activityID": 3, 
    "activityName": "Time Efficiency Research", 
    "description": "Researching time efficiency"
  }, 
  "4": {
    "activityID": 4, 
    "activityName": "Material Efficiency Research", 
    "description": "Researching material efficiency"
  }, 
  "5": {
    "activityID": 5, 
    "activityName": "Copying", 
    "description": "Making blueprint copies"
  }, 
  "8": {
    "activityID": 8, 
    "activityName": "Invention", 
    "description": "The process of creating a more advanced item based on an existing item"
  }, 
  "9": {
    "activityID": 9, 
    "activityName": "Reactions", 
    "description": "The process of combining raw and intermediate materials to create advanced components"
  }
}