{
  "65": {
    "cycleTime": 3600, 
    "name": "超导体", 
    "nameID": 66748, 
    "pins": [
      2470, 
      2472, 
      2474, 
      2480, 
      2484, 
      2485, 
      2491, 
      2494
    ], 
    "types": {
      "2389": {
        "isInput": 1, 
        "quantity": 40
      }, 
      "3645": {
        "isInput": 1, 
        "quantity": 40
      }, 
      "9838": {
        "isInput": 0, 
        "quantity": 5
      }
    }
  }, 
  "66": {
    "cycleTime": 3600, 
    "name": "冷却剂", 
    "nameID": 66711, 
    "pins": [
      2470, 
      2472, 
      2474, 
      2480, 
      2484, 
      2485, 
      2491, 
      2494
    ], 
    "types": {
      "2390": {
        "isInput": 1, 
        "quantity": 40
      }, 
      "3645": {
        "isInput": 1, 
        "quantity": 40
      }, 
      "9832": {
        "isInput": 0, 
        "quantity": 5
      }
    }
  }, 
  "67": {
    "cycleTime": 3600, 
    "name": "火箭燃料", 
    "nameID": 66744, 
    "pins": [
      2470, 
      2472, 
      2474, 
      2480, 
      2484, 
      2485, 
      2491, 
      2494
    ], 
    "types": {
      "2389": {
        "isInput": 1, 
        "quantity": 40
      }, 
      "2390": {
        "isInput": 1, 
        "quantity": 40
      }, 
      "9830": {
        "isInput": 0, 
        "quantity": 5
      }
    }
  }, 
  "68": {
    "cycleTime": 3600, 
    "name": "合成油", 
    "nameID": 66751, 
    "pins": [
      2470, 
      2472, 
      2474, 
      2480, 
      2484, 
      2485, 
      2491, 
      2494
    ], 
    "types": {
      "2390": {
        "isInput": 1, 
        "quantity": 40
      }, 
      "3683": {
        "isInput": 1, 
        "quantity": 40
      }, 
      "3691": {
        "isInput": 0, 
        "quantity": 5
      }
    }
  }, 
  "69": {
    "cycleTime": 3600, 
    "name": "氧化物", 
    "nameID": 66733, 
    "pins": [
      2470, 
      2472, 
      2474, 
      2480, 
      2484, 
      2485, 
      2491, 
      2494
    ], 
    "types": {
      "2317": {
        "isInput": 0, 
        "quantity": 5
      }, 
      "2392": {
        "isInput": 1, 
        "quantity": 40
      }, 
      "3683": {
        "isInput": 1, 
        "quantity": 40
      }
    }
  }, 
  "70": {
    "cycleTime": 3600, 
    "name": "硅酸盐玻璃", 
    "nameID": 66745, 
    "pins": [
      2470, 
      2472, 
      2474, 
      2480, 
      2484, 
      2485, 
      2491, 
      2494
    ], 
    "types": {
      "2392": {
        "isInput": 1, 
        "quantity": 40
      }, 
      "3697": {
        "isInput": 0, 
        "quantity": 5
      }, 
      "9828": {
        "isInput": 1, 
        "quantity": 40
      }
    }
  }, 
  "71": {
    "cycleTime": 3600, 
    "name": "传信器", 
    "nameID": 66756, 
    "pins": [
      2470, 
      2472, 
      2474, 
      2480, 
      2484, 
      2485, 
      2491, 
      2494
    ], 
    "types": {
      "2389": {
        "isInput": 1, 
        "quantity": 40
      }, 
      "2401": {
        "isInput": 1, 
        "quantity": 40
      }, 
      "9840": {
        "isInput": 0, 
        "quantity": 5
      }
    }
  }, 
  "72": {
    "cycleTime": 3600, 
    "name": "水冷CPU", 
    "nameID": 66761, 
    "pins": [
      2470, 
      2472, 
      2474, 
      2480, 
      2484, 
      2485, 
      2491, 
      2494
    ], 
    "types": {
      "2328": {
        "isInput": 0, 
        "quantity": 5
      }, 
      "2398": {
        "isInput": 1, 
        "quantity": 40
      }, 
      "3645": {
        "isInput": 1, 
        "quantity": 40
      }
    }
  }, 
  "73": {
    "cycleTime": 3600, 
    "name": "机械元件", 
    "nameID": 66726, 
    "pins": [
      2470, 
      2472, 
      2474, 
      2480, 
      2484, 
      2485, 
      2491, 
      2494
    ], 
    "types": {
      "2398": {
        "isInput": 1, 
        "quantity": 40
      }, 
      "2399": {
        "isInput": 1, 
        "quantity": 40
      }, 
      "3689": {
        "isInput": 0, 
        "quantity": 5
      }
    }
  }, 
  "74": {
    "cycleTime": 3600, 
    "name": "建筑模块", 
    "nameID": 66709, 
    "pins": [
      2470, 
      2472, 
      2474, 
      2480, 
      2484, 
      2485, 
      2491, 
      2494
    ], 
    "types": {
      "2398": {
        "isInput": 1, 
        "quantity": 40
      }, 
      "2400": {
        "isInput": 1, 
        "quantity": 40
      }, 
      "3828": {
        "isInput": 0, 
        "quantity": 5
      }
    }
  }, 
  "75": {
    "cycleTime": 3600, 
    "name": "核能燃料", 
    "nameID": 66715, 
    "pins": [
      2470, 
      2472, 
      2474, 
      2480, 
      2484, 
      2485, 
      2491, 
      2494
    ], 
    "types": {
      "44": {
        "isInput": 0, 
        "quantity": 5
      }, 
      "2399": {
        "isInput": 1, 
        "quantity": 40
      }, 
      "2400": {
        "isInput": 1, 
        "quantity": 40
      }
    }
  }, 
  "76": {
    "cycleTime": 3600, 
    "name": "消费级电器", 
    "nameID": 66710, 
    "pins": [
      2470, 
      2472, 
      2474, 
      2480, 
      2484, 
      2485, 
      2491, 
      2494
    ], 
    "types": {
      "2400": {
        "isInput": 1, 
        "quantity": 40
      }, 
      "2401": {
        "isInput": 1, 
        "quantity": 40
      }, 
      "9836": {
        "isInput": 0, 
        "quantity": 5
      }
    }
  }, 
  "77": {
    "cycleTime": 3600, 
    "name": "微型电子元件", 
    "nameID": 66728, 
    "pins": [
      2470, 
      2472, 
      2474, 
      2480, 
      2484, 
      2485, 
      2491, 
      2494
    ], 
    "types": {
      "2401": {
        "isInput": 1, 
        "quantity": 40
      }, 
      "9828": {
        "isInput": 1, 
        "quantity": 40
      }, 
      "9842": {
        "isInput": 0, 
        "quantity": 5
      }
    }
  }, 
  "78": {
    "cycleTime": 3600, 
    "name": "纳米体", 
    "nameID": 66729, 
    "pins": [
      2470, 
      2472, 
      2474, 
      2480, 
      2484, 
      2485, 
      2491, 
      2494
    ], 
    "types": {
      "2393": {
        "isInput": 1, 
        "quantity": 40
      }, 
      "2398": {
        "isInput": 1, 
        "quantity": 40
      }, 
      "2463": {
        "isInput": 0, 
        "quantity": 5
      }
    }
  }, 
  "79": {
    "cycleTime": 3600, 
    "name": "生物电池", 
    "nameID": 66702, 
    "pins": [
      2470, 
      2472, 
      2474, 
      2480, 
      2484, 
      2485, 
      2491, 
      2494
    ], 
    "types": {
      "2329": {
        "isInput": 0, 
        "quantity": 5
      }, 
      "2396": {
        "isInput": 1, 
        "quantity": 40
      }, 
      "2399": {
        "isInput": 1, 
        "quantity": 40
      }
    }
  }, 
  "80": {
    "cycleTime": 3600, 
    "name": "微纤维护盾", 
    "nameID": 66727, 
    "pins": [
      2470, 
      2472, 
      2474, 
      2480, 
      2484, 
      2485, 
      2491, 
      2494
    ], 
    "types": {
      "2327": {
        "isInput": 0, 
        "quantity": 5
      }, 
      "2397": {
        "isInput": 1, 
        "quantity": 40
      }, 
      "9828": {
        "isInput": 1, 
        "quantity": 40
      }
    }
  }, 
  "81": {
    "cycleTime": 3600, 
    "name": "病原体", 
    "nameID": 66759, 
    "pins": [
      2470, 
      2472, 
      2474, 
      2480, 
      2484, 
      2485, 
      2491, 
      2494
    ], 
    "types": {
      "2393": {
        "isInput": 1, 
        "quantity": 40
      }, 
      "3775": {
        "isInput": 0, 
        "quantity": 5
      }, 
      "3779": {
        "isInput": 1, 
        "quantity": 40
      }
    }
  }, 
  "82": {
    "cycleTime": 3600, 
    "name": "肥料", 
    "nameID": 66716, 
    "pins": [
      2470, 
      2472, 
      2474, 
      2480, 
      2484, 
      2485, 
      2491, 
      2494
    ], 
    "types": {
      "2393": {
        "isInput": 1, 
        "quantity": 40
      }, 
      "2395": {
        "isInput": 1, 
        "quantity": 40
      }, 
      "3693": {
        "isInput": 0, 
        "quantity": 5
      }
    }
  }, 
  "83": {
    "cycleTime": 3600, 
    "name": "基因肉制品", 
    "nameID": 66718, 
    "pins": [
      2470, 
      2472, 
      2474, 
      2480, 
      2484, 
      2485, 
      2491, 
      2494
    ], 
    "types": {
      "2395": {
        "isInput": 1, 
        "quantity": 40
      }, 
      "3779": {
        "isInput": 1, 
        "quantity": 40
      }, 
      "15317": {
        "isInput": 0, 
        "quantity": 5
      }
    }
  }, 
  "84": {
    "cycleTime": 3600, 
    "name": "家畜", 
    "nameID": 66725, 
    "pins": [
      2470, 
      2472, 
      2474, 
      2480, 
      2484, 
      2485, 
      2491, 
      2494
    ], 
    "types": {
      "2395": {
        "isInput": 1, 
        "quantity": 40
      }, 
      "2396": {
        "isInput": 1, 
        "quantity": 40
      }, 
      "3725": {
        "isInput": 0, 
        "quantity": 5
      }
    }
  }, 
  "85": {
    "cycleTime": 3600, 
    "name": "合成纺织品", 
    "nameID": 66739, 
    "pins": [
      2470, 
      2472, 
      2474, 
      2480, 
      2484, 
      2485, 
      2491, 
      2494
    ], 
    "types": {
      "2396": {
        "isInput": 1, 
        "quantity": 40
      }, 
      "2397": {
        "isInput": 1, 
        "quantity": 40
      }, 
      "3695": {
        "isInput": 0, 
        "quantity": 5
      }
    }
  }, 
  "86": {
    "cycleTime": 3600, 
    "name": "培养基", 
    "nameID": 66753, 
    "pins": [
      2470, 
      2472, 
      2474, 
      2480, 
      2484, 
      2485, 
      2491, 
      2494
    ], 
    "types": {
      "2319": {
        "isInput": 0, 
        "quantity": 5
      }, 
      "2393": {
        "isInput": 1, 
        "quantity": 40
      }, 
      "3645": {
        "isInput": 1, 
        "quantity": 40
      }
    }
  }, 
  "87": {
    "cycleTime": 3600, 
    "name": "超张力塑料", 
    "nameID": 66750, 
    "pins": [
      2470, 
      2472, 
      2474, 
      2480, 
      2484, 
      2485, 
      2491, 
      2494
    ], 
    "types": {
      "2312": {
        "isInput": 0, 
        "quantity": 5
      }, 
      "3683": {
        "isInput": 1, 
        "quantity": 40
      }, 
      "3779": {
        "isInput": 1, 
        "quantity": 40
      }
    }
  }, 
  "88": {
    "cycleTime": 3600, 
    "name": "聚芳酰胺", 
    "nameID": 66738, 
    "pins": [
      2470, 
      2472, 
      2474, 
      2480, 
      2484, 
      2485, 
      2491, 
      2494
    ], 
    "types": {
      "2321": {
        "isInput": 0, 
        "quantity": 5
      }, 
      "2392": {
        "isInput": 1, 
        "quantity": 40
      }, 
      "2397": {
        "isInput": 1, 
        "quantity": 40
      }
    }
  }, 
  "89": {
    "cycleTime": 3600, 
    "name": "乌克米超导体", 
    "nameID": 66757, 
    "pins": [
      2470, 
      2472, 
      2474, 
      2480, 
      2484, 
      2485, 
      2491, 
      2494
    ], 
    "types": {
      "3691": {
        "isInput": 1, 
        "quantity": 10
      }, 
      "9838": {
        "isInput": 1, 
        "quantity": 10
      }, 
      "17136": {
        "isInput": 0, 
        "quantity": 3
      }
    }
  }, 
  "90": {
    "cycleTime": 3600, 
    "name": "凝缩液", 
    "nameID": 66708, 
    "pins": [
      2470, 
      2472, 
      2474, 
      2480, 
      2484, 
      2485, 
      2491, 
      2494
    ], 
    "types": {
      "2317": {
        "isInput": 1, 
        "quantity": 10
      }, 
      "2344": {
        "isInput": 0, 
        "quantity": 3
      }, 
      "9832": {
        "isInput": 1, 
        "quantity": 10
      }
    }
  }, 
  "91": {
    "cycleTime": 3600, 
    "name": "监控无人机", 
    "nameID": 66706, 
    "pins": [
      2470, 
      2472, 
      2474, 
      2480, 
      2484, 
      2485, 
      2491, 
      2494
    ], 
    "types": {
      "2345": {
        "isInput": 0, 
        "quantity": 3
      }, 
      "3697": {
        "isInput": 1, 
        "quantity": 10
      }, 
      "9830": {
        "isInput": 1, 
        "quantity": 10
      }
    }
  }, 
  "92": {
    "cycleTime": 3600, 
    "name": "合成神经键", 
    "nameID": 66752, 
    "pins": [
      2470, 
      2472, 
      2474, 
      2480, 
      2484, 
      2485, 
      2491, 
      2494
    ], 
    "types": {
      "2312": {
        "isInput": 1, 
        "quantity": 10
      }, 
      "2319": {
        "isInput": 1, 
        "quantity": 10
      }, 
      "2346": {
        "isInput": 0, 
        "quantity": 3
      }
    }
  }, 
  "94": {
    "cycleTime": 3600, 
    "name": "高科技传信器", 
    "nameID": 66722, 
    "pins": [
      2470, 
      2472, 
      2474, 
      2480, 
      2484, 
      2485, 
      2491, 
      2494
    ], 
    "types": {
      "2321": {
        "isInput": 1, 
        "quantity": 10
      }, 
      "9840": {
        "isInput": 1, 
        "quantity": 10
      }, 
      "17898": {
        "isInput": 0, 
        "quantity": 3
      }
    }
  }, 
  "95": {
    "cycleTime": 3600, 
    "name": "凝胶基质生物胶", 
    "nameID": 66717, 
    "pins": [
      2470, 
      2472, 
      2474, 
      2480, 
      2484, 
      2485, 
      2491, 
      2494
    ], 
    "types": {
      "2317": {
        "isInput": 1, 
        "quantity": 10
      }, 
      "2329": {
        "isInput": 1, 
        "quantity": 10
      }, 
      "2348": {
        "isInput": 0, 
        "quantity": 3
      }, 
      "9838": {
        "isInput": 1, 
        "quantity": 10
      }
    }
  }, 
  "96": {
    "cycleTime": 3600, 
    "name": "超级计算机", 
    "nameID": 66749, 
    "pins": [
      2470, 
      2472, 
      2474, 
      2480, 
      2484, 
      2485, 
      2491, 
      2494
    ], 
    "types": {
      "2328": {
        "isInput": 1, 
        "quantity": 10
      }, 
      "2349": {
        "isInput": 0, 
        "quantity": 3
      }, 
      "9832": {
        "isInput": 1, 
        "quantity": 10
      }, 
      "9836": {
        "isInput": 1, 
        "quantity": 10
      }
    }
  }, 
  "97": {
    "cycleTime": 3600, 
    "name": "机器人技术", 
    "nameID": 66743, 
    "pins": [
      2470, 
      2472, 
      2474, 
      2480, 
      2484, 
      2485, 
      2491, 
      2494
    ], 
    "types": {
      "3689": {
        "isInput": 1, 
        "quantity": 10
      }, 
      "9836": {
        "isInput": 1, 
        "quantity": 10
      }, 
      "9848": {
        "isInput": 0, 
        "quantity": 3
      }
    }
  }, 
  "98": {
    "cycleTime": 3600, 
    "name": "灵巧单元建筑模块", 
    "nameID": 66747, 
    "pins": [
      2470, 
      2472, 
      2474, 
      2480, 
      2484, 
      2485, 
      2491, 
      2494
    ], 
    "types": {
      "2351": {
        "isInput": 0, 
        "quantity": 3
      }, 
      "3828": {
        "isInput": 1, 
        "quantity": 10
      }, 
      "9842": {
        "isInput": 1, 
        "quantity": 10
      }
    }
  }, 
  "99": {
    "cycleTime": 3600, 
    "name": "核反应堆", 
    "nameID": 66732, 
    "pins": [
      2470, 
      2472, 
      2474, 
      2480, 
      2484, 
      2485, 
      2491, 
      2494
    ], 
    "types": {
      "44": {
        "isInput": 1, 
        "quantity": 10
      }, 
      "2327": {
        "isInput": 1, 
        "quantity": 10
      }, 
      "2352": {
        "isInput": 0, 
        "quantity": 3
      }
    }
  }, 
  "100": {
    "cycleTime": 3600, 
    "name": "制导系统", 
    "nameID": 66719, 
    "pins": [
      2470, 
      2472, 
      2474, 
      2480, 
      2484, 
      2485, 
      2491, 
      2494
    ], 
    "types": {
      "2328": {
        "isInput": 1, 
        "quantity": 10
      }, 
      "9834": {
        "isInput": 0, 
        "quantity": 3
      }, 
      "9840": {
        "isInput": 1, 
        "quantity": 10
      }
    }
  }, 
  "102": {
    "cycleTime": 3600, 
    "name": "控制面板", 
    "nameID": 66731, 
    "pins": [
      2470, 
      2472, 
      2474, 
      2480, 
      2484, 
      2485, 
      2491, 
      2494
    ], 
    "types": {
      "2329": {
        "isInput": 1, 
        "quantity": 10
      }, 
      "2354": {
        "isInput": 0, 
        "quantity": 3
      }, 
      "3697": {
        "isInput": 1, 
        "quantity": 10
      }
    }
  }, 
  "103": {
    "cycleTime": 3600, 
    "name": "大气内穿梭机", 
    "nameID": 66736, 
    "pins": [
      2470, 
      2472, 
      2474, 
      2480, 
      2484, 
      2485, 
      2491, 
      2494
    ], 
    "types": {
      "2312": {
        "isInput": 1, 
        "quantity": 10
      }, 
      "3689": {
        "isInput": 1, 
        "quantity": 10
      }, 
      "9842": {
        "isInput": 1, 
        "quantity": 10
      }, 
      "9846": {
        "isInput": 0, 
        "quantity": 3
      }
    }
  }, 
  "104": {
    "cycleTime": 3600, 
    "name": "生物技术研究报告", 
    "nameID": 66705, 
    "pins": [
      2470, 
      2472, 
      2474, 
      2480, 
      2484, 
      2485, 
      2491, 
      2494
    ], 
    "types": {
      "2358": {
        "isInput": 0, 
        "quantity": 3
      }, 
      "2463": {
        "isInput": 1, 
        "quantity": 10
      }, 
      "3725": {
        "isInput": 1, 
        "quantity": 10
      }, 
      "3828": {
        "isInput": 1, 
        "quantity": 10
      }
    }
  }, 
  "105": {
    "cycleTime": 3600, 
    "name": "疫苗", 
    "nameID": 66758, 
    "pins": [
      2470, 
      2472, 
      2474, 
      2480, 
      2484, 
      2485, 
      2491, 
      2494
    ], 
    "types": {
      "3725": {
        "isInput": 1, 
        "quantity": 10
      }, 
      "3775": {
        "isInput": 1, 
        "quantity": 10
      }, 
      "28974": {
        "isInput": 0, 
        "quantity": 3
      }
    }
  }, 
  "106": {
    "cycleTime": 3600, 
    "name": "工业爆炸物", 
    "nameID": 66723, 
    "pins": [
      2470, 
      2472, 
      2474, 
      2480, 
      2484, 
      2485, 
      2491, 
      2494
    ], 
    "types": {
      "2360": {
        "isInput": 0, 
        "quantity": 3
      }, 
      "3693": {
        "isInput": 1, 
        "quantity": 10
      }, 
      "3695": {
        "isInput": 1, 
        "quantity": 10
      }
    }
  }, 
  "107": {
    "cycleTime": 3600, 
    "name": "密封薄膜", 
    "nameID": 66721, 
    "pins": [
      2470, 
      2472, 
      2474, 
      2480, 
      2484, 
      2485, 
      2491, 
      2494
    ], 
    "types": {
      "2321": {
        "isInput": 1, 
        "quantity": 10
      }, 
      "2361": {
        "isInput": 0, 
        "quantity": 3
      }, 
      "15317": {
        "isInput": 1, 
        "quantity": 10
      }
    }
  }, 
  "108": {
    "cycleTime": 3600, 
    "name": "颅腔穿透型微型控制器", 
    "nameID": 66755, 
    "pins": [
      2470, 
      2472, 
      2474, 
      2480, 
      2484, 
      2485, 
      2491, 
      2494
    ], 
    "types": {
      "2329": {
        "isInput": 1, 
        "quantity": 10
      }, 
      "2463": {
        "isInput": 1, 
        "quantity": 10
      }, 
      "12836": {
        "isInput": 0, 
        "quantity": 3
      }
    }
  }, 
  "109": {
    "cycleTime": 3600, 
    "name": "数据芯片", 
    "nameID": 66713, 
    "pins": [
      2470, 
      2472, 
      2474, 
      2480, 
      2484, 
      2485, 
      2491, 
      2494
    ], 
    "types": {
      "2312": {
        "isInput": 1, 
        "quantity": 10
      }, 
      "2327": {
        "isInput": 1, 
        "quantity": 10
      }, 
      "17392": {
        "isInput": 0, 
        "quantity": 3
      }
    }
  }, 
  "110": {
    "cycleTime": 3600, 
    "name": "危险物探测系统", 
    "nameID": 66720, 
    "pins": [
      2470, 
      2472, 
      2474, 
      2480, 
      2484, 
      2485, 
      2491, 
      2494
    ], 
    "types": {
      "2366": {
        "isInput": 0, 
        "quantity": 3
      }, 
      "3695": {
        "isInput": 1, 
        "quantity": 10
      }, 
      "3775": {
        "isInput": 1, 
        "quantity": 10
      }, 
      "9840": {
        "isInput": 1, 
        "quantity": 10
      }
    }
  }, 
  "111": {
    "cycleTime": 3600, 
    "name": "冷冻保存防腐剂", 
    "nameID": 66712, 
    "pins": [
      2470, 
      2472, 
      2474, 
      2480, 
      2484, 
      2485, 
      2491, 
      2494
    ], 
    "types": {
      "2319": {
        "isInput": 1, 
        "quantity": 10
      }, 
      "2367": {
        "isInput": 0, 
        "quantity": 3
      }, 
      "3691": {
        "isInput": 1, 
        "quantity": 10
      }, 
      "3693": {
        "isInput": 1, 
        "quantity": 10
      }
    }
  }, 
  "112": {
    "cycleTime": 3600, 
    "name": "有机砂浆喷注器", 
    "nameID": 66765, 
    "pins": [
      2475, 
      2482
    ], 
    "types": {
      "2344": {
        "isInput": 1, 
        "quantity": 6
      }, 
      "2393": {
        "isInput": 1, 
        "quantity": 40
      }, 
      "2870": {
        "isInput": 0, 
        "quantity": 1
      }, 
      "9848": {
        "isInput": 1, 
        "quantity": 6
      }
    }
  }, 
  "113": {
    "cycleTime": 3600, 
    "name": "无菌管道", 
    "nameID": 66768, 
    "pins": [
      2475, 
      2482
    ], 
    "types": {
      "2351": {
        "isInput": 1, 
        "quantity": 6
      }, 
      "2875": {
        "isInput": 0, 
        "quantity": 1
      }, 
      "3645": {
        "isInput": 1, 
        "quantity": 40
      }, 
      "28974": {
        "isInput": 1, 
        "quantity": 6
      }
    }
  }, 
  "114": {
    "cycleTime": 3600, 
    "name": "纳米-工厂", 
    "nameID": 66730, 
    "pins": [
      2475, 
      2482
    ], 
    "types": {
      "2360": {
        "isInput": 1, 
        "quantity": 6
      }, 
      "2398": {
        "isInput": 1, 
        "quantity": 40
      }, 
      "2869": {
        "isInput": 0, 
        "quantity": 1
      }, 
      "17136": {
        "isInput": 1, 
        "quantity": 6
      }
    }
  }, 
  "115": {
    "cycleTime": 3600, 
    "name": "自协调能源核心", 
    "nameID": 66767, 
    "pins": [
      2475, 
      2482
    ], 
    "types": {
      "2345": {
        "isInput": 1, 
        "quantity": 6
      }, 
      "2352": {
        "isInput": 1, 
        "quantity": 6
      }, 
      "2361": {
        "isInput": 1, 
        "quantity": 6
      }, 
      "2872": {
        "isInput": 0, 
        "quantity": 1
      }
    }
  }, 
  "116": {
    "cycleTime": 3600, 
    "name": "递推计算模块", 
    "nameID": 66766, 
    "pins": [
      2475, 
      2482
    ], 
    "types": {
      "2346": {
        "isInput": 1, 
        "quantity": 6
      }, 
      "2871": {
        "isInput": 0, 
        "quantity": 1
      }, 
      "9834": {
        "isInput": 1, 
        "quantity": 6
      }, 
      "12836": {
        "isInput": 1, 
        "quantity": 6
      }
    }
  }, 
  "117": {
    "cycleTime": 3600, 
    "name": "广播节点", 
    "nameID": 66763, 
    "pins": [
      2475, 
      2482
    ], 
    "types": {
      "2354": {
        "isInput": 1, 
        "quantity": 6
      }, 
      "2867": {
        "isInput": 0, 
        "quantity": 1
      }, 
      "17392": {
        "isInput": 1, 
        "quantity": 6
      }, 
      "17898": {
        "isInput": 1, 
        "quantity": 6
      }
    }
  }, 
  "118": {
    "cycleTime": 3600, 
    "name": "反破损快速反应无人机", 
    "nameID": 66764, 
    "pins": [
      2475, 
      2482
    ], 
    "types": {
      "2348": {
        "isInput": 1, 
        "quantity": 6
      }, 
      "2366": {
        "isInput": 1, 
        "quantity": 6
      }, 
      "2868": {
        "isInput": 0, 
        "quantity": 1
      }, 
      "9846": {
        "isInput": 1, 
        "quantity": 6
      }
    }
  }, 
  "119": {
    "cycleTime": 3600, 
    "name": "湿件主机", 
    "nameID": 66762, 
    "pins": [
      2475, 
      2482
    ], 
    "types": {
      "2349": {
        "isInput": 1, 
        "quantity": 6
      }, 
      "2358": {
        "isInput": 1, 
        "quantity": 6
      }, 
      "2367": {
        "isInput": 1, 
        "quantity": 6
      }, 
      "2876": {
        "isInput": 0, 
        "quantity": 1
      }
    }
  }, 
  "121": {
    "cycleTime": 1800, 
    "name": "水", 
    "nameID": 66760, 
    "pins": [
      2469, 
      2471, 
      2473, 
      2481, 
      2483, 
      2490, 
      2492, 
      2493
    ], 
    "types": {
      "2268": {
        "isInput": 1, 
        "quantity": 3000
      }, 
      "3645": {
        "isInput": 0, 
        "quantity": 20
      }
    }
  }, 
  "122": {
    "cycleTime": 1800, 
    "name": "等离子体团", 
    "nameID": 66737, 
    "pins": [
      2469, 
      2471, 
      2473, 
      2481, 
      2483, 
      2490, 
      2492, 
      2493
    ], 
    "types": {
      "2308": {
        "isInput": 1, 
        "quantity": 3000
      }, 
      "2389": {
        "isInput": 0, 
        "quantity": 20
      }
    }
  }, 
  "123": {
    "cycleTime": 1800, 
    "name": "电解物", 
    "nameID": 66714, 
    "pins": [
      2469, 
      2471, 
      2473, 
      2481, 
      2483, 
      2490, 
      2492, 
      2493
    ], 
    "types": {
      "2309": {
        "isInput": 1, 
        "quantity": 3000
      }, 
      "2390": {
        "isInput": 0, 
        "quantity": 20
      }
    }
  }, 
  "124": {
    "cycleTime": 1800, 
    "name": "氧", 
    "nameID": 66735, 
    "pins": [
      2469, 
      2471, 
      2473, 
      2481, 
      2483, 
      2490, 
      2492, 
      2493
    ], 
    "types": {
      "2310": {
        "isInput": 1, 
        "quantity": 3000
      }, 
      "3683": {
        "isInput": 0, 
        "quantity": 20
      }
    }
  }, 
  "125": {
    "cycleTime": 1800, 
    "name": "氧化剂", 
    "nameID": 66734, 
    "pins": [
      2469, 
      2471, 
      2473, 
      2481, 
      2483, 
      2490, 
      2492, 
      2493
    ], 
    "types": {
      "2311": {
        "isInput": 1, 
        "quantity": 3000
      }, 
      "2392": {
        "isInput": 0, 
        "quantity": 20
      }
    }
  }, 
  "126": {
    "cycleTime": 1800, 
    "name": "反应金属", 
    "nameID": 66742, 
    "pins": [
      2469, 
      2471, 
      2473, 
      2481, 
      2483, 
      2490, 
      2492, 
      2493
    ], 
    "types": {
      "2267": {
        "isInput": 1, 
        "quantity": 3000
      }, 
      "2398": {
        "isInput": 0, 
        "quantity": 20
      }
    }
  }, 
  "127": {
    "cycleTime": 1800, 
    "name": "稀有金属", 
    "nameID": 66740, 
    "pins": [
      2469, 
      2471, 
      2473, 
      2481, 
      2483, 
      2490, 
      2492, 
      2493
    ], 
    "types": {
      "2270": {
        "isInput": 1, 
        "quantity": 3000
      }, 
      "2399": {
        "isInput": 0, 
        "quantity": 20
      }
    }
  }, 
  "128": {
    "cycleTime": 1800, 
    "name": "有毒金属", 
    "nameID": 66754, 
    "pins": [
      2469, 
      2471, 
      2473, 
      2481, 
      2483, 
      2490, 
      2492, 
      2493
    ], 
    "types": {
      "2272": {
        "isInput": 1, 
        "quantity": 3000
      }, 
      "2400": {
        "isInput": 0, 
        "quantity": 20
      }
    }
  }, 
  "129": {
    "cycleTime": 1800, 
    "name": "手性结构", 
    "nameID": 66707, 
    "pins": [
      2469, 
      2471, 
      2473, 
      2481, 
      2483, 
      2490, 
      2492, 
      2493
    ], 
    "types": {
      "2306": {
        "isInput": 1, 
        "quantity": 3000
      }, 
      "2401": {
        "isInput": 0, 
        "quantity": 20
      }
    }
  }, 
  "130": {
    "cycleTime": 1800, 
    "name": "硅", 
    "nameID": 66746, 
    "pins": [
      2469, 
      2471, 
      2473, 
      2481, 
      2483, 
      2490, 
      2492, 
      2493
    ], 
    "types": {
      "2307": {
        "isInput": 1, 
        "quantity": 3000
      }, 
      "9828": {
        "isInput": 0, 
        "quantity": 20
      }
    }
  }, 
  "131": {
    "cycleTime": 1800, 
    "name": "细菌", 
    "nameID": 66701, 
    "pins": [
      2469, 
      2471, 
      2473, 
      2481, 
      2483, 
      2490, 
      2492, 
      2493
    ], 
    "types": {
      "2073": {
        "isInput": 1, 
        "quantity": 3000
      }, 
      "2393": {
        "isInput": 0, 
        "quantity": 20
      }
    }
  }, 
  "132": {
    "cycleTime": 1800, 
    "name": "生物质", 
    "nameID": 66704, 
    "pins": [
      2469, 
      2471, 
      2473, 
      2481, 
      2483, 
      2490, 
      2492, 
      2493
    ], 
    "types": {
      "2286": {
        "isInput": 1, 
        "quantity": 3000
      }, 
      "3779": {
        "isInput": 0, 
        "quantity": 20
      }
    }
  }, 
  "133": {
    "cycleTime": 1800, 
    "name": "蛋白质", 
    "nameID": 66741, 
    "pins": [
      2469, 
      2471, 
      2473, 
      2481, 
      2483, 
      2490, 
      2492, 
      2493
    ], 
    "types": {
      "2287": {
        "isInput": 1, 
        "quantity": 3000
      }, 
      "2395": {
        "isInput": 0, 
        "quantity": 20
      }
    }
  }, 
  "134": {
    "cycleTime": 1800, 
    "name": "生物燃料", 
    "nameID": 66703, 
    "pins": [
      2469, 
      2471, 
      2473, 
      2481, 
      2483, 
      2490, 
      2492, 
      2493
    ], 
    "types": {
      "2288": {
        "isInput": 1, 
        "quantity": 3000
      }, 
      "2396": {
        "isInput": 0, 
        "quantity": 20
      }
    }
  }, 
  "135": {
    "cycleTime": 1800, 
    "name": "工业纤维", 
    "nameID": 66724, 
    "pins": [
      2469, 
      2471, 
      2473, 
      2481, 
      2483, 
      2490, 
      2492, 
      2493
    ], 
    "types": {
      "2305": {
        "isInput": 1, 
        "quantity": 3000
      }, 
      "2397": {
        "isInput": 0, 
        "quantity": 20
      }
    }
  }
}